{
  "comparison": [
    {
      "strategy": "norm_concat_pca",
      "hit@1": 0.8767123287671232,
      "hit@5": 0.958904109589041,
      "hit@10": 0.9726027397260274,
      "mrr": 0.9155251141552513,
      "ndcg@10": 0.9042440738077898,
      "map@10": 0.5745933510390459,
      "eff_dim": 31.180026562099286,
      "mean_sim": 0.03307810425758362,
      "isotropy": 0.002493867679520054,
      "hub_skew": 1.1813859350669553,
      "intra_inter": 2.1627338155130893,
      "embed_time_s": 28.311462434000532
    },
    {
      "strategy": "norm_pca_concat",
      "hit@1": 0.8493150684931506,
      "hit@5": 0.958904109589041,
      "hit@10": 0.9726027397260274,
      "mrr": 0.8992172211350293,
      "ndcg@10": 0.8877426894707009,
      "map@10": 0.5601083698319509,
      "eff_dim": 23.243733435798298,
      "mean_sim": 0.044902216643095016,
      "isotropy": 4.8863627269985164e-09,
      "hub_skew": 0.9639389520461791,
      "intra_inter": 1.9472408201853444,
      "embed_time_s": 31.571130870999696
    }
  ]
}