{
  "comparison": [
    {
      "strategy": "norm_concat_pca",
      "hit@1": 0.8356164383561644,
      "hit@5": 0.9452054794520548,
      "hit@10": 0.9726027397260274,
      "mrr": 0.8923679060665362,
      "ndcg@10": 0.8871206237324127,
      "map@10": 0.5700203460379586,
      "eff_dim": 30.675888365545607,
      "mean_sim": 0.03439702093601227,
      "isotropy": 0.0023415755422949457,
      "hub_skew": 1.3456536725694168,
      "intra_inter": 2.1590919883813293,
      "embed_time_s": 44.67608949500027
    }
  ]
}