{
  "comparison": [
    {
      "strategy": "norm_concat_pca",
      "hit@1": 0.8904109589041096,
      "hit@5": 0.958904109589041,
      "hit@10": 0.9726027397260274,
      "mrr": 0.9235159817351599,
      "ndcg@10": 0.9040713283663603,
      "map@10": 0.5885929006305718,
      "eff_dim": 31.03929784253689,
      "mean_sim": 0.03433416783809662,
      "isotropy": 0.00254524593513183,
      "hub_skew": 1.6371032191418209,
      "intra_inter": 2.0757949131239934,
      "embed_time_s": 63.55314818700026
    }
  ]
}