{
  "autopatch": {
    "sizes": {
      "n_graphs": 75,
      "nodes": {
        "mean": 783.1066666666667,
        "median": 661.0,
        "std": 574.7934022663177,
        "min": 109,
        "max": 3910,
        "q25": 411.0,
        "q75": 997.5
      },
      "edges": {
        "mean": 6751.92,
        "median": 5035.0,
        "std": 5612.635449317311,
        "min": 331,
        "max": 34228,
        "q25": 2699.0,
        "q75": 8893.0
      },
      "avg_degree": {
        "mean": 8.085673733536353,
        "median": 8.22156862745098,
        "std": 2.1824304745006375
      }
    },
    "node_types": {
      "distribution": {
        "CALL": 0.16716326426370184,
        "IDENTIFIER": 0.1290586212180546,
        "MEMBER": 0.10426846917405888,
        "METHOD_PARAMETER_OUT": 0.09648749425365638,
        "METHOD_PARAMETER_IN": 0.09648749425365638,
        "BLOCK": 0.08378594657177396,
        "METHOD": 0.061021912723681744,
        "METHOD_RETURN": 0.061021912723681744,
        "TYPE_DECL": 0.047111504605588,
        "FIELD_IDENTIFIER": 0.036878756406109,
        "LOCAL": 0.03492074302351319,
        "LITERAL": 0.025726593226976315,
        "CONTROL_STRUCTURE": 0.01704322953024705,
        "TYPE_REF": 0.011697001685594129,
        "RETURN": 0.01162889687228645,
        "MODIFIER": 0.00664021929749885,
        "METHOD_REF": 0.00664021929749885,
        "JUMP_TARGET": 0.0024177208724226584
      },
      "total_nodes": 58733,
      "unique_types": 18
    },
    "edge_types": {
      "distribution": {
        "REACHING_DEF": 0.25479764768144963,
        "AST": 0.16715245441296697,
        "CONTAINS": 0.11168576246953953,
        "CFG": 0.10108927040999696,
        "POST_DOMINATE": 0.09500704984656216,
        "DOMINATE": 0.09460815096545377,
        "ARGUMENT": 0.06635939604339704,
        "CDG": 0.061866846763587245,
        "REF": 0.029060375912826772,
        "PARAMETER_LINK": 0.013276223651939005,
        "CONDITION": 0.003120100159164603,
        "RECEIVER": 0.0009735502395368034,
        "CALL": 0.00030411102817173976,
        "FOR_BODY": 0.00023302013846925517,
        "FOR_UPDATE": 0.00023302013846925517,
        "FOR_INIT": 0.00023302013846925517
      },
      "total_edges": 506394,
      "unique_types": 16
    },
    "similarity": {
      "overall": {
        "mean": 0.9080405235290527,
        "std": 0.09900704771280289,
        "median": 0.946865975856781
      },
      "intra_cwe": {
        "mean": 0.9128474615654856,
        "std": 0.08538321920896094,
        "n_pairs": 212,
        "n_cwes": 14
      },
      "inter_cwe": {
        "mean": 0.9232800918420155,
        "std": 0.08335997321316768,
        "n_pairs": 750
      },
      "intra_cve": {
        "mean": null,
        "std": null,
        "n_pairs": 0,
        "n_cves": 0
      },
      "discriminability": {
        "cwe_gap": -0.010432630276529964
      }
    }
  },
  "cvefixes": {
    "sizes": {
      "n_graphs": 539,
      "nodes": {
        "mean": 369.73283858998144,
        "median": 271.0,
        "std": 333.841595114347,
        "min": 12,
        "max": 2922,
        "q25": 146.5,
        "q75": 474.5
      },
      "edges": {
        "mean": 4174.8293135436,
        "median": 2430.0,
        "std": 5114.4352162536725,
        "min": 23,
        "max": 51380,
        "q25": 1165.0,
        "q75": 5293.0
      },
      "avg_degree": {
        "mean": 9.439376832502948,
        "median": 9.211594202898551,
        "std": 2.631366460306819
      }
    },
    "node_types": {
      "distribution": {
        "CALL": 0.2108577622110936,
        "IDENTIFIER": 0.17080979095370472,
        "METHOD_PARAMETER_IN": 0.10794034703892898,
        "METHOD_PARAMETER_OUT": 0.10794034703892898,
        "BLOCK": 0.09467800046164808,
        "METHOD": 0.06495187820519253,
        "METHOD_RETURN": 0.06495187820519253,
        "FIELD_IDENTIFIER": 0.05269813233242676,
        "LITERAL": 0.035301024658029166,
        "LOCAL": 0.0334042531838664,
        "CONTROL_STRUCTURE": 0.03070963339120661,
        "RETURN": 0.008204289312846863,
        "TYPE_REF": 0.005559848659715184,
        "JUMP_TARGET": 0.004967734813283422,
        "TYPE_DECL": 0.00270967353451823,
        "METHOD_REF": 0.0026745481368485495,
        "MODIFIER": 0.0016408578625693726
      },
      "total_nodes": 199286,
      "unique_types": 17
    },
    "edge_types": {
      "distribution": {
        "REACHING_DEF": 0.27306861111715985,
        "AST": 0.13637076693835706,
        "CONTAINS": 0.10379591802271143,
        "CFG": 0.09963323798024472,
        "POST_DOMINATE": 0.09334500027330503,
        "DOMINATE": 0.09300903506436889,
        "CDG": 0.08675190524714552,
        "ARGUMENT": 0.06870310763374282,
        "REF": 0.030315971723817045,
        "PARAMETER_LINK": 0.01020560981907207,
        "CONDITION": 0.0038418243799642083,
        "RECEIVER": 0.00024886311773047505,
        "FOR_INIT": 0.0002390863523910635,
        "FOR_BODY": 0.0002381975555420261,
        "FOR_UPDATE": 0.0002310871807497268,
        "CALL": 1.7775936980748215e-06
      },
      "total_edges": 2250233,
      "unique_types": 16
    },
    "similarity": {
      "overall": {
        "mean": 0.9493464231491089,
        "std": 0.04898259416222572,
        "median": 0.9651265144348145
      },
      "intra_cwe": {
        "mean": 0.9526482326824174,
        "std": 0.047054336176035105,
        "n_pairs": 25965,
        "n_cwes": 11
      },
      "inter_cwe": {
        "mean": 0.9400485866725444,
        "std": 0.05348251777040516,
        "n_pairs": 5000
      },
      "intra_cve": {
        "mean": 0.9603314676318728,
        "std": 0.04517626355736765,
        "n_pairs": 1405,
        "n_cves": 91
      },
      "discriminability": {
        "cwe_gap": 0.012599646009872956
      }
    }
  }
}