{
  "comparison": [
    {
      "strategy": "norm_concat_pca",
      "hit@1": 0.821917808219178,
      "hit@5": 0.9452054794520548,
      "hit@10": 0.9863013698630136,
      "mrr": 0.8751141552511416,
      "ndcg@10": 0.8732560052243876,
      "map@10": 0.5622151166402634,
      "eff_dim": 30.717035807637913,
      "mean_sim": 0.03404621407389641,
      "isotropy": 0.002536039015207039,
      "hub_skew": 1.2747444583996508,
      "intra_inter": 2.093337269683008,
      "embed_time_s": 36.33305566200033
    }
  ]
}