{
  "comparison": [
    {
      "strategy": "norm_concat_pca",
      "hit@1": 0.863013698630137,
      "hit@5": 0.9726027397260274,
      "hit@10": 0.9863013698630136,
      "mrr": 0.9045662100456621,
      "ndcg@10": 0.9034000999521559,
      "map@10": 0.5802522287453795,
      "eff_dim": 31.708230187578952,
      "mean_sim": 0.03116176836192608,
      "isotropy": 0.002271871650152282,
      "hub_skew": 1.2644008146716905,
      "intra_inter": 2.2220369751391846,
      "embed_time_s": 40.407167241000025
    }
  ]
}