{
  "comparison": [
    {
      "strategy": "norm_concat_pca",
      "hit@1": 0.8904109589041096,
      "hit@5": 0.958904109589041,
      "hit@10": 0.9726027397260274,
      "mrr": 0.9235159817351599,
      "ndcg@10": 0.9081310570259945,
      "map@10": 0.5864005762122201,
      "eff_dim": 31.41810783215677,
      "mean_sim": 0.029948923736810684,
      "isotropy": 0.002385311778535698,
      "hub_skew": 1.1208969829876567,
      "intra_inter": 2.38324336497551,
      "embed_time_s": 113.64839089599991
    },
    {
      "strategy": "norm_pca_concat",
      "hit@1": 0.821917808219178,
      "hit@5": 0.9452054794520548,
      "hit@10": 0.9726027397260274,
      "mrr": 0.873091976516634,
      "ndcg@10": 0.8689427729519958,
      "map@10": 0.5372461404653186,
      "eff_dim": 23.49632390585665,
      "mean_sim": 0.0405878908932209,
      "isotropy": 4.99129516810688e-09,
      "hub_skew": 1.0831360426139152,
      "intra_inter": 2.1046325989696832,
      "embed_time_s": 51.337979858000836
    }
  ]
}