{
  "comparison": [
    {
      "strategy": "norm_concat_pca",
      "hit@1": 0.8356164383561644,
      "hit@5": 0.958904109589041,
      "hit@10": 0.9726027397260274,
      "mrr": 0.8885844748858448,
      "ndcg@10": 0.8738584066858617,
      "map@10": 0.5479301789208834,
      "eff_dim": 30.410801629796893,
      "mean_sim": 0.034877751022577286,
      "isotropy": 0.0021353095554700516,
      "hub_skew": 1.6241927475001645,
      "intra_inter": 2.0075845917860495,
      "embed_time_s": 390.5537511830007
    }
  ]
}