{
  "comparison": [
    {
      "strategy": "norm_concat_pca",
      "hit@1": 0.7945205479452054,
      "hit@5": 0.9452054794520548,
      "hit@10": 0.9726027397260274,
      "mrr": 0.8613176777560339,
      "ndcg@10": 0.8639331810418602,
      "map@10": 0.5461567732115677,
      "eff_dim": 31.134586262637722,
      "mean_sim": 0.03260273113846779,
      "isotropy": 0.002248633833343659,
      "hub_skew": 1.3395081766644068,
      "intra_inter": 2.1807042919279973,
      "embed_time_s": 723.5403392169992
    }
  ]
}