{
  "comparison": [
    {
      "strategy": "norm_concat_pca",
      "hit@1": 0.9041095890410958,
      "hit@5": 0.958904109589041,
      "hit@10": 0.9726027397260274,
      "mrr": 0.9311806914546641,
      "ndcg@10": 0.9155331581553782,
      "map@10": 0.5910684387910415,
      "eff_dim": 30.647949054416127,
      "mean_sim": 0.03314290568232536,
      "isotropy": 0.0025209902158177034,
      "hub_skew": 1.3517441310162266,
      "intra_inter": 2.069660817895166,
      "embed_time_s": 53.952316311000686
    }
  ]
}