{
  "comparison": [
    {
      "strategy": "norm_concat_pca",
      "hit@1": 0.8493150684931506,
      "hit@5": 0.9452054794520548,
      "hit@10": 0.9726027397260274,
      "mrr": 0.8992172211350293,
      "ndcg@10": 0.8904309264227004,
      "map@10": 0.5699643556052558,
      "eff_dim": 31.357714361437,
      "mean_sim": 0.031069515272974968,
      "isotropy": 0.0023031420861482988,
      "hub_skew": 1.141739681185179,
      "intra_inter": 2.3395676986571914,
      "embed_time_s": 41.16330439700005
    },
    {
      "strategy": "norm_concat_pca",
      "hit@1": 0.8493150684931506,
      "hit@5": 0.9452054794520548,
      "hit@10": 0.9726027397260274,
      "mrr": 0.8992172211350293,
      "ndcg@10": 0.8904309264227004,
      "map@10": 0.5699643556052558,
      "eff_dim": 31.357788349733966,
      "mean_sim": 0.031069675460457802,
      "isotropy": 0.002301144560497154,
      "hub_skew": 1.1491003820517154,
      "intra_inter": 2.3395476502142856,
      "embed_time_s": 48.93893470600051
    }
  ]
}