{
  "comparison": [
    {
      "strategy": "norm_concat_pca",
      "hit@1": 0.8767123287671232,
      "hit@5": 0.958904109589041,
      "hit@10": 0.9726027397260274,
      "mrr": 0.9155251141552513,
      "ndcg@10": 0.9007031654692208,
      "map@10": 0.5898986192650577,
      "eff_dim": 30.47786209555234,
      "mean_sim": 0.035836998373270035,
      "isotropy": 0.0024232192370757795,
      "hub_skew": 1.2652296976028663,
      "intra_inter": 2.065516564339536,
      "embed_time_s": 28.23648261100061
    }
  ]
}