{
  "comparison": [
    {
      "strategy": "norm_concat_pca",
      "hit@1": 0.8493150684931506,
      "hit@5": 0.9452054794520548,
      "hit@10": 0.9726027397260274,
      "mrr": 0.894406392694064,
      "ndcg@10": 0.8869264120432024,
      "map@10": 0.5657226726306961,
      "eff_dim": 31.141755692143803,
      "mean_sim": 0.03315817564725876,
      "isotropy": 0.002440417357688716,
      "hub_skew": 1.290535836533389,
      "intra_inter": 2.1676245709422064,
      "embed_time_s": 40.61457255999994
    },
    {
      "strategy": "norm_concat_pca",
      "hit@1": 0.8493150684931506,
      "hit@5": 0.9452054794520548,
      "hit@10": 0.9726027397260274,
      "mrr": 0.894406392694064,
      "ndcg@10": 0.8869264120432024,
      "map@10": 0.5657226726306961,
      "eff_dim": 31.143445960441724,
      "mean_sim": 0.033158328384160995,
      "isotropy": 0.0024416947936476223,
      "hub_skew": 1.2928006822530342,
      "intra_inter": 2.167673255712371,
      "embed_time_s": 40.68475849199967
    }
  ]
}