{
  "comparison": [
    {
      "strategy": "norm_concat_pca",
      "hit@1": 0.821917808219178,
      "hit@5": 0.958904109589041,
      "hit@10": 0.9726027397260274,
      "mrr": 0.871689497716895,
      "ndcg@10": 0.8676370625704516,
      "map@10": 0.551328549684714,
      "eff_dim": 30.414275102961323,
      "mean_sim": 0.034968502819538116,
      "isotropy": 0.0022211287976552766,
      "hub_skew": 1.4197698521088173,
      "intra_inter": 2.0401993658201554,
      "embed_time_s": 86.94107359199916
    }
  ]
}