{
  "comparison": [
    {
      "strategy": "norm_concat_pca",
      "hit@1": 0.8767123287671232,
      "hit@5": 0.9452054794520548,
      "hit@10": 0.9726027397260274,
      "mrr": 0.9108447488584476,
      "ndcg@10": 0.8964322204433077,
      "map@10": 0.5692060774081322,
      "eff_dim": 30.88818699817611,
      "mean_sim": 0.03425984084606171,
      "isotropy": 0.002262148456898283,
      "hub_skew": 1.4076676030975928,
      "intra_inter": 2.046633229522595,
      "embed_time_s": 126.2975208049993
    }
  ]
}