{
  "comparison": [
    {
      "strategy": "norm_concat_pca",
      "hit@1": 0.8904109589041096,
      "hit@5": 0.958904109589041,
      "hit@10": 0.9726027397260274,
      "mrr": 0.9240867579908677,
      "ndcg@10": 0.9080768090118831,
      "map@10": 0.5869140030441401,
      "eff_dim": 31.218375740693684,
      "mean_sim": 0.03422336280345917,
      "isotropy": 0.002386679641302789,
      "hub_skew": 1.0925765751474301,
      "intra_inter": 2.065087629276692,
      "embed_time_s": 154.81109372599894
    },
    {
      "strategy": "norm_pca_concat",
      "hit@1": 0.8356164383561644,
      "hit@5": 0.9452054794520548,
      "hit@10": 0.9726027397260274,
      "mrr": 0.8803816046966731,
      "ndcg@10": 0.8787388212537115,
      "map@10": 0.5415878451837356,
      "eff_dim": 23.286525263291324,
      "mean_sim": 0.0462275855243206,
      "isotropy": 4.715393011528428e-09,
      "hub_skew": 0.8493996029596662,
      "intra_inter": 1.850925662822974,
      "embed_time_s": 89.80704886899912
    }
  ]
}