{
  "comparison": [
    {
      "strategy": "norm_concat_pca",
      "hit@1": 0.8904109589041096,
      "hit@5": 0.958904109589041,
      "hit@10": 0.9726027397260274,
      "mrr": 0.9205479452054794,
      "ndcg@10": 0.9034802526098321,
      "map@10": 0.589933953033268,
      "eff_dim": 31.003372600272606,
      "mean_sim": 0.031226415187120438,
      "isotropy": 0.002351919187724215,
      "hub_skew": 1.550434585129484,
      "intra_inter": 2.2829316530052584,
      "embed_time_s": 30.181199216000095
    },
    {
      "strategy": "pca_concat_pca",
      "hit@1": 0.6986301369863014,
      "hit@5": 0.8082191780821918,
      "hit@10": 0.8493150684931506,
      "mrr": 0.7456784083496413,
      "ndcg@10": 0.7455999511925717,
      "map@10": 0.3494270493585562,
      "eff_dim": 1.9761980569330375,
      "mean_sim": 0.07867567241191864,
      "isotropy": 7.435676279874832e-10,
      "hub_skew": 1.6633889375248117,
      "intra_inter": 1.541106060275241,
      "embed_time_s": 48.10403799800042
    }
  ]
}