{
  "comparison": [
    {
      "strategy": "norm_concat_pca",
      "hit@1": 0.8493150684931506,
      "hit@5": 0.9452054794520548,
      "hit@10": 0.9726027397260274,
      "mrr": 0.8905414220482714,
      "ndcg@10": 0.8869415302559195,
      "map@10": 0.5745836051315503,
      "eff_dim": 31.60013064815379,
      "mean_sim": 0.029140222817659378,
      "isotropy": 0.0026125448576321602,
      "hub_skew": 1.2704351496384714,
      "intra_inter": 2.3492656481665897,
      "embed_time_s": 29.42347157199947
    }
  ]
}