{
  "comparison": [
    {
      "strategy": "concat_pca",
      "hit@1": 0.8904109589041096,
      "hit@5": 0.958904109589041,
      "hit@10": 0.9726027397260274,
      "mrr": 0.9148401826484018,
      "ndcg@10": 0.6869956501680373,
      "map@10": 0.566622363557295,
      "eff_dim": 30.89875685340301,
      "mean_sim": 0.03367442265152931,
      "isotropy": 0.00237779437630051,
      "hub_skew": 1.3985386166577471,
      "intra_inter": 2.071766472662845,
      "embed_time_s": 52.807956364995334
    },
    {
      "strategy": "pca_concat_pca",
      "hit@1": 0.8904109589041096,
      "hit@5": 0.958904109589041,
      "hit@10": 0.9726027397260274,
      "mrr": 0.9148401826484018,
      "ndcg@10": 0.6869956501680373,
      "map@10": 0.566622363557295,
      "eff_dim": 30.899493886381833,
      "mean_sim": 0.033674392849206924,
      "isotropy": 0.002295535172477102,
      "hub_skew": 1.395147502841903,
      "intra_inter": 2.071684926459061,
      "embed_time_s": 47.985522105998825
    },
    {
      "strategy": "pca_concat",
      "hit@1": 0.8356164383561644,
      "hit@5": 0.958904109589041,
      "hit@10": 0.9726027397260274,
      "mrr": 0.8824200913242007,
      "ndcg@10": 0.6647959815276268,
      "map@10": 0.5381762339639052,
      "eff_dim": 23.03754288790092,
      "mean_sim": 0.0455927774310112,
      "isotropy": 4.551033020316155e-09,
      "hub_skew": 1.086730297025369,
      "intra_inter": 1.8721776334141011,
      "embed_time_s": 64.37468489696039
    },
    {
      "strategy": "norm_concat_pca",
      "hit@1": 0.8904109589041096,
      "hit@5": 0.958904109589041,
      "hit@10": 0.9726027397260274,
      "mrr": 0.9148401826484018,
      "ndcg@10": 0.6869956501680373,
      "map@10": 0.566622363557295,
      "eff_dim": 30.8992981036853,
      "mean_sim": 0.03367406874895096,
      "isotropy": 0.0023551676531926723,
      "hub_skew": 1.3955951506229853,
      "intra_inter": 2.0717627007432178,
      "embed_time_s": 59.69683252600953
    }
  ]
}