{
  "comparison": [
    {
      "strategy": "norm_concat_pca",
      "hit@1": 0.8904109589041096,
      "hit@5": 0.958904109589041,
      "hit@10": 0.9863013698630136,
      "mrr": 0.917938682322244,
      "ndcg@10": 0.9066020268335239,
      "map@10": 0.5881585282514833,
      "eff_dim": 31.18383715930944,
      "mean_sim": 0.03233525529503822,
      "isotropy": 0.002489105381501512,
      "hub_skew": 1.3923723642585106,
      "intra_inter": 2.1142475328817065,
      "embed_time_s": 28.20130609899934
    },
    {
      "strategy": "pca_concat_pca",
      "hit@1": 0.6301369863013698,
      "hit@5": 0.7945205479452054,
      "hit@10": 0.8493150684931506,
      "mrr": 0.6926179604261796,
      "ndcg@10": 0.709099820724445,
      "map@10": 0.32745048095341633,
      "eff_dim": 1.9783012687673587,
      "mean_sim": 0.07855448126792908,
      "isotropy": 1.6922435835797625e-10,
      "hub_skew": 1.6951327657445399,
      "intra_inter": 1.5102026041638603,
      "embed_time_s": 31.113029205000203
    }
  ]
}