{
  "comparison": [
    {
      "strategy": "norm_concat_pca",
      "hit@1": 0.9041095890410958,
      "hit@5": 0.958904109589041,
      "hit@10": 0.9726027397260274,
      "mrr": 0.9273972602739724,
      "ndcg@10": 0.9144395593891657,
      "map@10": 0.5902217485167583,
      "eff_dim": 31.213791787767335,
      "mean_sim": 0.03201015666127205,
      "isotropy": 0.0025618312097458046,
      "hub_skew": 1.2957270373729524,
      "intra_inter": 2.2063114054981203,
      "embed_time_s": 91.39352997400056
    },
    {
      "strategy": "norm_pca_concat",
      "hit@1": 0.8493150684931506,
      "hit@5": 0.958904109589041,
      "hit@10": 0.9726027397260274,
      "mrr": 0.8916829745596869,
      "ndcg@10": 0.8807769092447716,
      "map@10": 0.5523023638679214,
      "eff_dim": 23.323107126424336,
      "mean_sim": 0.04337567090988159,
      "isotropy": 4.712507234776689e-09,
      "hub_skew": 0.9894451111463491,
      "intra_inter": 1.9265682182262633,
      "embed_time_s": 149.6878769770001
    }
  ]
}