{
  "comparison": [
    {
      "strategy": "norm_concat_pca",
      "hit@1": 0.821917808219178,
      "hit@5": 0.9452054794520548,
      "hit@10": 0.9726027397260274,
      "mrr": 0.8714611872146117,
      "ndcg@10": 0.869741738671597,
      "map@10": 0.5439046531854751,
      "eff_dim": 30.375682636367262,
      "mean_sim": 0.03479538857936859,
      "isotropy": 0.002142276072856195,
      "hub_skew": 1.3914597569396001,
      "intra_inter": 1.9440438974648115,
      "embed_time_s": 207.9500019570005
    },
    {
      "strategy": "pca_concat_pca",
      "hit@1": 0.6438356164383562,
      "hit@5": 0.7671232876712328,
      "hit@10": 0.8493150684931506,
      "mrr": 0.705512067840835,
      "ndcg@10": 0.7219297921296868,
      "map@10": 0.3451986844966297,
      "eff_dim": 1.9893971949595382,
      "mean_sim": 0.07792104780673981,
      "isotropy": 7.673096220698991e-10,
      "hub_skew": 1.4502444777387624,
      "intra_inter": 1.517107404299058,
      "embed_time_s": 920.1534514759996
    }
  ]
}