{
  "comparison": [
    {
      "strategy": "norm_concat_pca",
      "hit@1": 0.8493150684931506,
      "hit@5": 0.958904109589041,
      "hit@10": 0.9726027397260274,
      "mrr": 0.8984018264840182,
      "ndcg@10": 0.8958839442331876,
      "map@10": 0.5704870624048707,
      "eff_dim": 30.481598768066824,
      "mean_sim": 0.034321319311857224,
      "isotropy": 0.002346222750954006,
      "hub_skew": 1.4063095419211604,
      "intra_inter": 2.133077479591653,
      "embed_time_s": 84.56683151800098
    },
    {
      "strategy": "pca_concat_pca",
      "hit@1": 0.6575342465753424,
      "hit@5": 0.7808219178082192,
      "hit@10": 0.8356164383561644,
      "mrr": 0.7084094368340944,
      "ndcg@10": 0.7109221507015046,
      "map@10": 0.34192106979778214,
      "eff_dim": 1.9877345809143354,
      "mean_sim": 0.07826068997383118,
      "isotropy": 1.718098914013438e-10,
      "hub_skew": 1.5008617402203173,
      "intra_inter": 1.5343789446319744,
      "embed_time_s": 47.01312322999911
    }
  ]
}