{
  "comparison": [
    {
      "strategy": "norm_concat_pca",
      "hit@1": 0.8356164383561644,
      "hit@5": 0.958904109589041,
      "hit@10": 0.9726027397260274,
      "mrr": 0.8920091324200914,
      "ndcg@10": 0.8898232872412349,
      "map@10": 0.556687866927593,
      "eff_dim": 30.73012889615723,
      "mean_sim": 0.03561709448695183,
      "isotropy": 0.002285011341056059,
      "hub_skew": 1.346160244575835,
      "intra_inter": 2.041336548822216,
      "embed_time_s": 116.73279327799997
    },
    {
      "strategy": "norm_pca_concat",
      "hit@1": 0.8356164383561644,
      "hit@5": 0.9315068493150684,
      "hit@10": 0.958904109589041,
      "mrr": 0.8801913459447706,
      "ndcg@10": 0.8739414080543991,
      "map@10": 0.5434839095455534,
      "eff_dim": 23.04009499472484,
      "mean_sim": 0.0477464497089386,
      "isotropy": 4.718868578964349e-09,
      "hub_skew": 0.8861968448783392,
      "intra_inter": 1.8211789646143643,
      "embed_time_s": 94.56854002099999
    }
  ]
}