{
  "comparison": [
    {
      "strategy": "norm_concat_pca",
      "hit@1": 0.7945205479452054,
      "hit@5": 0.958904109589041,
      "hit@10": 0.9726027397260274,
      "mrr": 0.8639269406392693,
      "ndcg@10": 0.8622641268693639,
      "map@10": 0.5501508480104371,
      "eff_dim": 31.061573899230577,
      "mean_sim": 0.03130736202001572,
      "isotropy": 0.002575992004477671,
      "hub_skew": 1.3757573793823377,
      "intra_inter": 2.2702062841256296,
      "embed_time_s": 99.98287069799994
    },
    {
      "strategy": "pca_concat_pca",
      "hit@1": 0.6301369863013698,
      "hit@5": 0.7808219178082192,
      "hit@10": 0.8356164383561644,
      "mrr": 0.6993857360295717,
      "ndcg@10": 0.7126169465330238,
      "map@10": 0.3316489609542447,
      "eff_dim": 1.9763759941823429,
      "mean_sim": 0.07794824242591858,
      "isotropy": 1.5591267904260935e-10,
      "hub_skew": 1.6433805506282988,
      "intra_inter": 1.5716081131652992,
      "embed_time_s": 92.87222615600012
    }
  ]
}